{"mean_reward": 242.83670181435846, "std_reward": 15.350770944897699, "is_deterministic": true, "n_eval_episodes": 10, "eval_datetime": "2024-11-04T06:38:51.689143"}