{"mean_reward": 280.9013841, "std_reward": 20.933988030942306, "is_deterministic": true, "n_eval_episodes": 10, "eval_datetime": "2024-11-04T10:29:03.320394"}